method,total,tp,tn,fp,fn,precision,recall,f1
keyword_search,85920,18144,37956,23212,6608,0.438727,0.733032,0.548920
d3fend_without_abstracts,85920,24752,61123,45,0,0.998185,1.000000,0.999092
d3fend_plus_abstracts,85920,24752,37933,23235,0,0.515806,1.000000,0.680570
