method,total,tp,tn,fp,fn,precision,recall,f1
keyword_search,85920,18153,37933,23235,6599,0.438605,0.733395,0.548927
d3fend_without_abstracts,85920,24752,61123,45,0,0.998185,1.000000,0.999092
d3fend_plus_abstracts,85920,24752,37910,23258,0,0.515559,1.000000,0.680355
